{"loss": [0.6827632784843445, 0.34101423621177673, 0.2270200550556183], "accuracy": [0.787253737449646, 0.8918415307998657, 0.9262678623199463], "val_loss": [0.4639902710914612, 0.2464473396539688, 0.2363233119249344], "val_accuracy": [0.8588094711303711, 0.9242544770240784, 0.9256772398948669]}